asin,product_name,category,review_title,review_text,star_rating,verified_purchase,helpful_votes,platform,review_date
B09X1K87G2,Apple iPhone 15 Pro Max (256 GB) - Natural Titanium,Electronics,Unmatched camera quality and all-day battery life,"Upgraded from an older device and the difference is night and day. The 5x telephoto optical zoom is incredibly sharp, and the action button is super convenient. Battery easily lasts 1.5 days on heavy use. The titanium finish feels premium and lightweight.",5,True,142,Amazon,2026-08-15
B09X1K87G2,Apple iPhone 15 Pro Max (256 GB) - Natural Titanium,Electronics,Heating issue while fast charging and gaming,"The phone gets noticeably warm on the back glass when playing graphic-intensive games or while charging with a 30W adapter. iOS updates mitigated it somewhat, but for this price tag, thermal throttling shouldn't happen.",3,True,88,Amazon,2026-08-22
B09X1K87G2,Apple iPhone 15 Pro Max (256 GB) - Natural Titanium,Electronics,Arrived with scratched screen in unsealed box! Terrible delivery,"Ordered from a verified Amazon seller, but the packaging box seal was already broken and the display had noticeable scratches near the dynamic island. Amazon customer support took 5 days to initiate a replacement.",1,True,210,Amazon,2026-08-29
B08N5WRWNW,Sony WH-1000XM5 Wireless Noise Cancelling Headphones,Electronics,Industry leading active noise cancellation,The ANC on these Sony headphones is pure magic. Completely drowns out engine rumble on flights and noisy office air conditioning. Multipoint connection between laptop and phone switches seamlessly.,5,True,95,Amazon,2026-08-10
B08N5WRWNW,Sony WH-1000XM5 Wireless Noise Cancelling Headphones,Electronics,"Earcups do not fold anymore, bulky travel case","Sound quality and microphone are top-tier, but removing the folding hinge design was a huge downgrade from the XM4. The carrying case takes up too much backpack space during travel.",3,True,43,Amazon,2026-08-19
B08N5WRWNW,Sony WH-1000XM5 Wireless Noise Cancelling Headphones,Electronics,Headband snapping issue after 4 months,"Treated these like gold, yet the plastic joint on the right headband suddenly snapped while putting them on. Sony warranty claimed it was customer wear and tear and refused free repair. Very disappointing.",1,True,114,Amazon,2026-09-02
B07XJ8C8F5,Instant Pot Duo 7-in-1 Electric Pressure Cooker (6 Qt),Home & Kitchen,Changed our weeknight dinner routine forever,"Cuts cooking time by 70%. Risotto, pulled pork, and hearty soups turn out tender and flavorful with zero babysitting. Stainless steel inner pot is easy to wash.",5,True,167,Amazon,2026-07-20
B07XJ8C8F5,Instant Pot Duo 7-in-1 Electric Pressure Cooker (6 Qt),Home & Kitchen,C8 Error code and burn message constantly,Keeps throwing food burn warning even when there is plenty of broth. Lid sealing gasket also retains food odors that never wash out completely.,2,True,52,Amazon,2026-08-05
B09V3HBK6L,"Kindle Paperwhite (16 GB) – 6.8"" display with adjustable warm light",Electronics,Absolute perfection for book lovers,Glare-free screen looks like real paper under direct sunlight. Battery lasts weeks without charging and the warm light makes bedtime reading effortless on the eyes.,5,True,130,Amazon,2026-08-12
B09V3HBK6L,"Kindle Paperwhite (16 GB) – 6.8"" display with adjustable warm light",Electronics,Glitchy touchscreen and slow page turns after update,Recent software update made the page turn animations sluggish. Occasionally taps don't register or it jumps two pages ahead. Build quality is nice though.,3,True,27,Amazon,2026-09-01
B07W95D5V3,Logitech MX Master 3S Wireless Performance Mouse,Computers,Ergonomic bliss and whisper-quiet clicks,"The MagSpeed electromagnetic scroll wheel is addicting. Fits naturally in the palm, curing my wrist strain. Custom thumb gestures in Logitech Options app enhance productivity.",5,True,178,Amazon,2026-08-08
B07W95D5V3,Logitech MX Master 3S Wireless Performance Mouse,Computers,Rubber coating started melting and feeling sticky,"After one year, the soft touch thumb grip degraded into a sticky gummy mess. Bluetooth connectivity also stutters on M2 MacBooks. Not worth $100.",2,True,69,Amazon,2026-08-25
B08N5WRWNW,Sony WH-1000XM5 Wireless Noise Cancelling Headphones,Electronics,"Earcups do not fold anymore, bulky travel case","Sound quality and microphone are top-tier, but removing the folding hinge design was a huge downgrade from the XM4. The carrying case takes up too much backpack space during travel.",3,True,36,Amazon,2026-08-12
B07W95D5V3,Logitech MX Master 3S Wireless Performance Mouse,Computers,Ergonomic bliss and whisper-quiet clicks,"The MagSpeed electromagnetic scroll wheel is addicting. Fits naturally in the palm, curing my wrist strain. Custom thumb gestures in Logitech Options app enhance productivity.",5,True,12,Amazon,2026-08-29
B07W95D5V3,Logitech MX Master 3S Wireless Performance Mouse,Computers,Ergonomic bliss and whisper-quiet clicks,"The MagSpeed electromagnetic scroll wheel is addicting. Fits naturally in the palm, curing my wrist strain. Custom thumb gestures in Logitech Options app enhance productivity.",5,True,12,Amazon,2026-08-14
B08N5WRWNW,Sony WH-1000XM5 Wireless Noise Cancelling Headphones,Electronics,"Earcups do not fold anymore, bulky travel case","Sound quality and microphone are top-tier, but removing the folding hinge design was a huge downgrade from the XM4. The carrying case takes up too much backpack space during travel.",3,True,21,Amazon,2026-09-09
B09X1K87G2,Apple iPhone 15 Pro Max (256 GB) - Natural Titanium,Electronics,Heating issue while fast charging and gaming,"The phone gets noticeably warm on the back glass when playing graphic-intensive games or while charging with a 30W adapter. iOS updates mitigated it somewhat, but for this price tag, thermal throttling shouldn't happen.",3,True,14,Amazon,2026-09-01
B07XJ8C8F5,Instant Pot Duo 7-in-1 Electric Pressure Cooker (6 Qt),Home & Kitchen,Changed our weeknight dinner routine forever,"Cuts cooking time by 70%. Risotto, pulled pork, and hearty soups turn out tender and flavorful with zero babysitting. Stainless steel inner pot is easy to wash.",5,True,74,Amazon,2026-07-30
B09X1K87G2,Apple iPhone 15 Pro Max (256 GB) - Natural Titanium,Electronics,Heating issue while fast charging and gaming,"The phone gets noticeably warm on the back glass when playing graphic-intensive games or while charging with a 30W adapter. iOS updates mitigated it somewhat, but for this price tag, thermal throttling shouldn't happen.",3,True,29,Amazon,2026-09-20
B09V3HBK6L,"Kindle Paperwhite (16 GB) – 6.8"" display with adjustable warm light",Electronics,Glitchy touchscreen and slow page turns after update,Recent software update made the page turn animations sluggish. Occasionally taps don't register or it jumps two pages ahead. Build quality is nice though.,3,True,62,Amazon,2026-09-17
B08N5WRWNW,Sony WH-1000XM5 Wireless Noise Cancelling Headphones,Electronics,"Earcups do not fold anymore, bulky travel case","Sound quality and microphone are top-tier, but removing the folding hinge design was a huge downgrade from the XM4. The carrying case takes up too much backpack space during travel.",3,True,53,Amazon,2026-09-06
B07XJ8C8F5,Instant Pot Duo 7-in-1 Electric Pressure Cooker (6 Qt),Home & Kitchen,C8 Error code and burn message constantly,Keeps throwing food burn warning even when there is plenty of broth. Lid sealing gasket also retains food odors that never wash out completely.,2,True,38,Amazon,2026-09-01
B08N5WRWNW,Sony WH-1000XM5 Wireless Noise Cancelling Headphones,Electronics,"Earcups do not fold anymore, bulky travel case","Sound quality and microphone are top-tier, but removing the folding hinge design was a huge downgrade from the XM4. The carrying case takes up too much backpack space during travel.",3,True,73,Amazon,2026-08-10
B09X1K87G2,Apple iPhone 15 Pro Max (256 GB) - Natural Titanium,Electronics,Heating issue while fast charging and gaming,"The phone gets noticeably warm on the back glass when playing graphic-intensive games or while charging with a 30W adapter. iOS updates mitigated it somewhat, but for this price tag, thermal throttling shouldn't happen.",3,True,45,Amazon,2026-09-04
B08N5WRWNW,Sony WH-1000XM5 Wireless Noise Cancelling Headphones,Electronics,Industry leading active noise cancellation,The ANC on these Sony headphones is pure magic. Completely drowns out engine rumble on flights and noisy office air conditioning. Multipoint connection between laptop and phone switches seamlessly.,5,True,60,Amazon,2026-09-10
B09X1K87G2,Apple iPhone 15 Pro Max (256 GB) - Natural Titanium,Electronics,Heating issue while fast charging and gaming,"The phone gets noticeably warm on the back glass when playing graphic-intensive games or while charging with a 30W adapter. iOS updates mitigated it somewhat, but for this price tag, thermal throttling shouldn't happen.",3,True,73,Amazon,2026-08-02
B07W95D5V3,Logitech MX Master 3S Wireless Performance Mouse,Computers,Rubber coating started melting and feeling sticky,"After one year, the soft touch thumb grip degraded into a sticky gummy mess. Bluetooth connectivity also stutters on M2 MacBooks. Not worth $100.",2,True,45,Amazon,2026-09-05
B08N5WRWNW,Sony WH-1000XM5 Wireless Noise Cancelling Headphones,Electronics,"Earcups do not fold anymore, bulky travel case","Sound quality and microphone are top-tier, but removing the folding hinge design was a huge downgrade from the XM4. The carrying case takes up too much backpack space during travel.",3,True,11,Amazon,2026-09-07
B08N5WRWNW,Sony WH-1000XM5 Wireless Noise Cancelling Headphones,Electronics,Industry leading active noise cancellation,The ANC on these Sony headphones is pure magic. Completely drowns out engine rumble on flights and noisy office air conditioning. Multipoint connection between laptop and phone switches seamlessly.,5,True,63,Amazon,2026-08-08
B07W95D5V3,Logitech MX Master 3S Wireless Performance Mouse,Computers,Ergonomic bliss and whisper-quiet clicks,"The MagSpeed electromagnetic scroll wheel is addicting. Fits naturally in the palm, curing my wrist strain. Custom thumb gestures in Logitech Options app enhance productivity.",5,True,71,Amazon,2026-08-07
B07W95D5V3,Logitech MX Master 3S Wireless Performance Mouse,Computers,Rubber coating started melting and feeling sticky,"After one year, the soft touch thumb grip degraded into a sticky gummy mess. Bluetooth connectivity also stutters on M2 MacBooks. Not worth $100.",2,True,35,Amazon,2026-07-30
B07XJ8C8F5,Instant Pot Duo 7-in-1 Electric Pressure Cooker (6 Qt),Home & Kitchen,Changed our weeknight dinner routine forever,"Cuts cooking time by 70%. Risotto, pulled pork, and hearty soups turn out tender and flavorful with zero babysitting. Stainless steel inner pot is easy to wash.",5,True,42,Amazon,2026-07-29
B07W95D5V3,Logitech MX Master 3S Wireless Performance Mouse,Computers,Ergonomic bliss and whisper-quiet clicks,"The MagSpeed electromagnetic scroll wheel is addicting. Fits naturally in the palm, curing my wrist strain. Custom thumb gestures in Logitech Options app enhance productivity.",5,True,68,Amazon,2026-09-15
B07XJ8C8F5,Instant Pot Duo 7-in-1 Electric Pressure Cooker (6 Qt),Home & Kitchen,Changed our weeknight dinner routine forever,"Cuts cooking time by 70%. Risotto, pulled pork, and hearty soups turn out tender and flavorful with zero babysitting. Stainless steel inner pot is easy to wash.",5,True,51,Amazon,2026-08-11
B09X1K87G2,Apple iPhone 15 Pro Max (256 GB) - Natural Titanium,Electronics,Heating issue while fast charging and gaming,"The phone gets noticeably warm on the back glass when playing graphic-intensive games or while charging with a 30W adapter. iOS updates mitigated it somewhat, but for this price tag, thermal throttling shouldn't happen.",3,True,15,Amazon,2026-08-04
B07W95D5V3,Logitech MX Master 3S Wireless Performance Mouse,Computers,Ergonomic bliss and whisper-quiet clicks,"The MagSpeed electromagnetic scroll wheel is addicting. Fits naturally in the palm, curing my wrist strain. Custom thumb gestures in Logitech Options app enhance productivity.",5,True,67,Amazon,2026-08-29
B09X1K87G2,Apple iPhone 15 Pro Max (256 GB) - Natural Titanium,Electronics,Heating issue while fast charging and gaming,"The phone gets noticeably warm on the back glass when playing graphic-intensive games or while charging with a 30W adapter. iOS updates mitigated it somewhat, but for this price tag, thermal throttling shouldn't happen.",3,True,63,Amazon,2026-09-08
B08N5WRWNW,Sony WH-1000XM5 Wireless Noise Cancelling Headphones,Electronics,Industry leading active noise cancellation,The ANC on these Sony headphones is pure magic. Completely drowns out engine rumble on flights and noisy office air conditioning. Multipoint connection between laptop and phone switches seamlessly.,5,True,57,Amazon,2026-09-19
B09X1K87G2,Apple iPhone 15 Pro Max (256 GB) - Natural Titanium,Electronics,Heating issue while fast charging and gaming,"The phone gets noticeably warm on the back glass when playing graphic-intensive games or while charging with a 30W adapter. iOS updates mitigated it somewhat, but for this price tag, thermal throttling shouldn't happen.",3,True,31,Amazon,2026-08-30
B09X1K87G2,Apple iPhone 15 Pro Max (256 GB) - Natural Titanium,Electronics,Heating issue while fast charging and gaming,"The phone gets noticeably warm on the back glass when playing graphic-intensive games or while charging with a 30W adapter. iOS updates mitigated it somewhat, but for this price tag, thermal throttling shouldn't happen.",3,True,55,Amazon,2026-07-29
B07W95D5V3,Logitech MX Master 3S Wireless Performance Mouse,Computers,Rubber coating started melting and feeling sticky,"After one year, the soft touch thumb grip degraded into a sticky gummy mess. Bluetooth connectivity also stutters on M2 MacBooks. Not worth $100.",2,True,77,Amazon,2026-08-11
B07W95D5V3,Logitech MX Master 3S Wireless Performance Mouse,Computers,Rubber coating started melting and feeling sticky,"After one year, the soft touch thumb grip degraded into a sticky gummy mess. Bluetooth connectivity also stutters on M2 MacBooks. Not worth $100.",2,True,65,Amazon,2026-08-13
B09X1K87G2,Apple iPhone 15 Pro Max (256 GB) - Natural Titanium,Electronics,Unmatched camera quality and all-day battery life,"Upgraded from an older device and the difference is night and day. The 5x telephoto optical zoom is incredibly sharp, and the action button is super convenient. Battery easily lasts 1.5 days on heavy use. The titanium finish feels premium and lightweight.",5,True,60,Amazon,2026-09-20
B07XJ8C8F5,Instant Pot Duo 7-in-1 Electric Pressure Cooker (6 Qt),Home & Kitchen,C8 Error code and burn message constantly,Keeps throwing food burn warning even when there is plenty of broth. Lid sealing gasket also retains food odors that never wash out completely.,2,True,37,Amazon,2026-09-09
B08N5WRWNW,Sony WH-1000XM5 Wireless Noise Cancelling Headphones,Electronics,Headband snapping issue after 4 months,"Treated these like gold, yet the plastic joint on the right headband suddenly snapped while putting them on. Sony warranty claimed it was customer wear and tear and refused free repair. Very disappointing.",1,True,12,Amazon,2026-09-13
B07W95D5V3,Logitech MX Master 3S Wireless Performance Mouse,Computers,Rubber coating started melting and feeling sticky,"After one year, the soft touch thumb grip degraded into a sticky gummy mess. Bluetooth connectivity also stutters on M2 MacBooks. Not worth $100.",2,True,10,Amazon,2026-08-04
B08N5WRWNW,Sony WH-1000XM5 Wireless Noise Cancelling Headphones,Electronics,"Earcups do not fold anymore, bulky travel case","Sound quality and microphone are top-tier, but removing the folding hinge design was a huge downgrade from the XM4. The carrying case takes up too much backpack space during travel.",3,True,58,Amazon,2026-09-08
B07W95D5V3,Logitech MX Master 3S Wireless Performance Mouse,Computers,Ergonomic bliss and whisper-quiet clicks,"The MagSpeed electromagnetic scroll wheel is addicting. Fits naturally in the palm, curing my wrist strain. Custom thumb gestures in Logitech Options app enhance productivity.",5,True,10,Amazon,2026-08-06
B09X1K87G2,Apple iPhone 15 Pro Max (256 GB) - Natural Titanium,Electronics,Heating issue while fast charging and gaming,"The phone gets noticeably warm on the back glass when playing graphic-intensive games or while charging with a 30W adapter. iOS updates mitigated it somewhat, but for this price tag, thermal throttling shouldn't happen.",3,True,41,Amazon,2026-09-02
B08N5WRWNW,Sony WH-1000XM5 Wireless Noise Cancelling Headphones,Electronics,"Earcups do not fold anymore, bulky travel case","Sound quality and microphone are top-tier, but removing the folding hinge design was a huge downgrade from the XM4. The carrying case takes up too much backpack space during travel.",3,True,40,Amazon,2026-09-19
B07W95D5V3,Logitech MX Master 3S Wireless Performance Mouse,Computers,Ergonomic bliss and whisper-quiet clicks,"The MagSpeed electromagnetic scroll wheel is addicting. Fits naturally in the palm, curing my wrist strain. Custom thumb gestures in Logitech Options app enhance productivity.",5,True,70,Amazon,2026-09-02
B07W95D5V3,Logitech MX Master 3S Wireless Performance Mouse,Computers,Ergonomic bliss and whisper-quiet clicks,"The MagSpeed electromagnetic scroll wheel is addicting. Fits naturally in the palm, curing my wrist strain. Custom thumb gestures in Logitech Options app enhance productivity.",5,True,28,Amazon,2026-08-27
