review_id,product_name,review_text,star_rating,review_date
EAR-201,AuraSound Pro ANC Wireless Earbuds,Sound quality is punchy and detailed with crisp treble. Battery life gives around 7 hours.,5,2026-08-10
EAR-202,AuraSound Pro ANC Wireless Earbuds,"The noise cancellation is magical on trains, but the microphone makes my voice sound hollow.",3,2026-08-12
EAR-203,AuraSound Pro ANC Wireless Earbuds,"Extremely comfortable in ears for hours, but Bluetooth drops occasionally when walking.",4,2026-08-15
EAR-204,AuraSound Pro ANC Wireless Earbuds,Build quality feels cheap and plastic creaks. Left earbud broke after two weeks.,1,2026-08-18
EAR-205,AuraSound Pro ANC Wireless Earbuds,Incredible price to performance ratio! Battery lasts through my entire workday.,5,2026-08-21
EAR-206,AuraSound Pro ANC Wireless Earbuds,"Bass is muddy and overbearing, drowning out vocal clarity. Disappointed with acoustic balance.",2,2026-08-25
EAR-207,AuraSound Pro ANC Wireless Earbuds,"Super fast USB-C wireless charging. Ergonomics are top notch, fits snug during gym sessions.",5,2026-08-28
EAR-208,AuraSound Pro ANC Wireless Earbuds,Customer service was completely unhelpful when I asked for replacement silicone ear tips.,2,2026-09-01
EAR-209,AuraSound Pro ANC Wireless Earbuds,Noise cancellation blocks office hum perfectly. Microphones filter out background keyboard clatter.,5,2026-09-04
EAR-210,AuraSound Pro ANC Wireless Earbuds,Horrible battery life! Barely lasts 2.5 hours with ANC switched on.,1,2026-09-07
EAR-211,AuraSound Pro ANC Wireless Earbuds,Decent build and sleek charging case. Sound is average for the price tag.,3,2026-09-10
EAR-212,AuraSound Pro ANC Wireless Earbuds,Best soundstage in any earbud under $150. Crisp instrument separation and punchy bass.,5,2026-09-14
EAR-213,AuraSound Pro ANC Wireless Earbuds,Bluetooth pairing fails repeatedly with Windows 11 laptops. Constantly disconnecting.,2,2026-09-16
EAR-214,AuraSound Pro ANC Wireless Earbuds,Ergonomic fit is sublime. Featherlight and never slips out while jogging.,5,2026-09-18
EAR-215,AuraSound Pro ANC Wireless Earbuds,Overpriced for what it offers. Flimsy hinge on the charging lid.,2,2026-09-21
