product_name,category,review_title,review_text,star_rating,certified_buyer,helpful_votes,platform,review_date
"Samsung Galaxy S24 Ultra 5G (Titanium Gray, 256 GB)",Mobiles,Display and AI features are unreal!,The flat anti-reflective Gorilla Armor display is unbelievable outdoors. Circle to Search and live call translation work like magic. The S-Pen integration is super smooth. Value for money flagship!,5,True,195,Flipkart,2026-08-11
"Samsung Galaxy S24 Ultra 5G (Titanium Gray, 256 GB)",Mobiles,Camera shutter lag and grainy low light photos,"Moving pets or kids always come out blurry due to indoor shutter delay. For a 1 lakh+ rupee phone, camera processing should be sharper. Battery is good though.",3,True,61,Flipkart,2026-08-23
"Samsung Galaxy S24 Ultra 5G (Titanium Gray, 256 GB)",Mobiles,Worst Flipkart delivery! Open box delivery was refused,Delivery partner refused to allow open box inspection and forced OTP verification first. Found dent on corner frame. Customer service support has been running me in circles for 10 days!,1,True,180,Flipkart,2026-09-04
boAt Airdopes 141 Bluetooth Truly Wireless in Ear Earbuds,Audio,Paisa vasool! Bass is thumping and battery is solid,Best earbuds under 1500 rupees. Beast mode low latency works great for casual gaming. 42 hours total playtime with case is legitimately accurate. Very happy with Flipkart purchase!,5,True,340,Flipkart,2026-08-02
boAt Airdopes 141 Bluetooth Truly Wireless in Ear Earbuds,Audio,Left bud stopped pairing after 20 days,"Only right earbud plays sound now. Followed all reset instructions on manual but left side shows no light. Flipkart return window closed after 7 days, boAt service center is 30km away.",1,True,125,Flipkart,2026-08-27
boAt Airdopes 141 Bluetooth Truly Wireless in Ear Earbuds,Audio,Mic is strictly average for noisy outdoor calls,"Good for music and video playback indoors. But on bike or bus, mic captures traffic noise and listener can't hear voice clearly. Decent for the low price.",3,True,45,Flipkart,2026-09-08
PUMA Nitro Running Shoes,Fashion,Extremely bouncy and lightweight,Super comfortable for daily 5km jogs. The nitrogen-infused foam gives awesome rebound. Looks stylish with jeans too. Original genuine product received from Flipkart.,5,True,82,Flipkart,2026-07-29
PUMA Nitro Running Shoes,Fashion,Sole rubber detached after 3 weeks of walking,Defective piece or counterfeit batch! The outer tread started peeling off from the heel. Very cheap glue quality. Requested refund immediately.,1,True,74,Flipkart,2026-08-18
realme 55 inch 4K Ultra HD Smart LED TV,Appliances,Cinematic Dolby Vision and punchy speakers,Picture quality is crisp with vibrant colors and deep contrast. 24W quad stereo speakers are loud enough without needing an external soundbar. Installation was done within 24 hours.,5,True,110,Flipkart,2026-08-06
realme 55 inch 4K Ultra HD Smart LED TV,Appliances,Display backlight bleeding and software lag,Noticeable white light bleeding from the bottom corners during dark scenes. Android TV interface stutters when switching between Netflix and Prime Video. Average experience.,2,True,58,Flipkart,2026-08-30
boAt Airdopes 141 Bluetooth Truly Wireless in Ear Earbuds,Audio,Left bud stopped pairing after 20 days,"Only right earbud plays sound now. Followed all reset instructions on manual but left side shows no light. Flipkart return window closed after 7 days, boAt service center is 30km away.",1,True,15,Flipkart,2026-08-21
boAt Airdopes 141 Bluetooth Truly Wireless in Ear Earbuds,Audio,Paisa vasool! Bass is thumping and battery is solid,Best earbuds under 1500 rupees. Beast mode low latency works great for casual gaming. 42 hours total playtime with case is legitimately accurate. Very happy with Flipkart purchase!,5,True,86,Flipkart,2026-07-25
boAt Airdopes 141 Bluetooth Truly Wireless in Ear Earbuds,Audio,Left bud stopped pairing after 20 days,"Only right earbud plays sound now. Followed all reset instructions on manual but left side shows no light. Flipkart return window closed after 7 days, boAt service center is 30km away.",1,True,30,Flipkart,2026-08-14
boAt Airdopes 141 Bluetooth Truly Wireless in Ear Earbuds,Audio,Paisa vasool! Bass is thumping and battery is solid,Best earbuds under 1500 rupees. Beast mode low latency works great for casual gaming. 42 hours total playtime with case is legitimately accurate. Very happy with Flipkart purchase!,5,True,60,Flipkart,2026-08-06
"Samsung Galaxy S24 Ultra 5G (Titanium Gray, 256 GB)",Mobiles,Camera shutter lag and grainy low light photos,"Moving pets or kids always come out blurry due to indoor shutter delay. For a 1 lakh+ rupee phone, camera processing should be sharper. Battery is good though.",3,True,20,Flipkart,2026-08-12
boAt Airdopes 141 Bluetooth Truly Wireless in Ear Earbuds,Audio,Left bud stopped pairing after 20 days,"Only right earbud plays sound now. Followed all reset instructions on manual but left side shows no light. Flipkart return window closed after 7 days, boAt service center is 30km away.",1,True,34,Flipkart,2026-09-15
realme 55 inch 4K Ultra HD Smart LED TV,Appliances,Cinematic Dolby Vision and punchy speakers,Picture quality is crisp with vibrant colors and deep contrast. 24W quad stereo speakers are loud enough without needing an external soundbar. Installation was done within 24 hours.,5,True,47,Flipkart,2026-08-22
boAt Airdopes 141 Bluetooth Truly Wireless in Ear Earbuds,Audio,Mic is strictly average for noisy outdoor calls,"Good for music and video playback indoors. But on bike or bus, mic captures traffic noise and listener can't hear voice clearly. Decent for the low price.",3,True,55,Flipkart,2026-08-26
boAt Airdopes 141 Bluetooth Truly Wireless in Ear Earbuds,Audio,Mic is strictly average for noisy outdoor calls,"Good for music and video playback indoors. But on bike or bus, mic captures traffic noise and listener can't hear voice clearly. Decent for the low price.",3,True,38,Flipkart,2026-08-26
boAt Airdopes 141 Bluetooth Truly Wireless in Ear Earbuds,Audio,Paisa vasool! Bass is thumping and battery is solid,Best earbuds under 1500 rupees. Beast mode low latency works great for casual gaming. 42 hours total playtime with case is legitimately accurate. Very happy with Flipkart purchase!,5,True,40,Flipkart,2026-09-10
"Samsung Galaxy S24 Ultra 5G (Titanium Gray, 256 GB)",Mobiles,Camera shutter lag and grainy low light photos,"Moving pets or kids always come out blurry due to indoor shutter delay. For a 1 lakh+ rupee phone, camera processing should be sharper. Battery is good though.",3,True,46,Flipkart,2026-09-21
realme 55 inch 4K Ultra HD Smart LED TV,Appliances,Display backlight bleeding and software lag,Noticeable white light bleeding from the bottom corners during dark scenes. Android TV interface stutters when switching between Netflix and Prime Video. Average experience.,2,True,16,Flipkart,2026-08-22
"Samsung Galaxy S24 Ultra 5G (Titanium Gray, 256 GB)",Mobiles,Camera shutter lag and grainy low light photos,"Moving pets or kids always come out blurry due to indoor shutter delay. For a 1 lakh+ rupee phone, camera processing should be sharper. Battery is good though.",3,True,84,Flipkart,2026-07-29
boAt Airdopes 141 Bluetooth Truly Wireless in Ear Earbuds,Audio,Mic is strictly average for noisy outdoor calls,"Good for music and video playback indoors. But on bike or bus, mic captures traffic noise and listener can't hear voice clearly. Decent for the low price.",3,True,66,Flipkart,2026-09-14
boAt Airdopes 141 Bluetooth Truly Wireless in Ear Earbuds,Audio,Paisa vasool! Bass is thumping and battery is solid,Best earbuds under 1500 rupees. Beast mode low latency works great for casual gaming. 42 hours total playtime with case is legitimately accurate. Very happy with Flipkart purchase!,5,True,23,Flipkart,2026-08-04
boAt Airdopes 141 Bluetooth Truly Wireless in Ear Earbuds,Audio,Left bud stopped pairing after 20 days,"Only right earbud plays sound now. Followed all reset instructions on manual but left side shows no light. Flipkart return window closed after 7 days, boAt service center is 30km away.",1,True,82,Flipkart,2026-08-14
boAt Airdopes 141 Bluetooth Truly Wireless in Ear Earbuds,Audio,Left bud stopped pairing after 20 days,"Only right earbud plays sound now. Followed all reset instructions on manual but left side shows no light. Flipkart return window closed after 7 days, boAt service center is 30km away.",1,True,52,Flipkart,2026-07-27
boAt Airdopes 141 Bluetooth Truly Wireless in Ear Earbuds,Audio,Mic is strictly average for noisy outdoor calls,"Good for music and video playback indoors. But on bike or bus, mic captures traffic noise and listener can't hear voice clearly. Decent for the low price.",3,True,29,Flipkart,2026-08-01
boAt Airdopes 141 Bluetooth Truly Wireless in Ear Earbuds,Audio,Mic is strictly average for noisy outdoor calls,"Good for music and video playback indoors. But on bike or bus, mic captures traffic noise and listener can't hear voice clearly. Decent for the low price.",3,True,80,Flipkart,2026-07-26
boAt Airdopes 141 Bluetooth Truly Wireless in Ear Earbuds,Audio,Left bud stopped pairing after 20 days,"Only right earbud plays sound now. Followed all reset instructions on manual but left side shows no light. Flipkart return window closed after 7 days, boAt service center is 30km away.",1,True,15,Flipkart,2026-08-29
"Samsung Galaxy S24 Ultra 5G (Titanium Gray, 256 GB)",Mobiles,Display and AI features are unreal!,The flat anti-reflective Gorilla Armor display is unbelievable outdoors. Circle to Search and live call translation work like magic. The S-Pen integration is super smooth. Value for money flagship!,5,True,45,Flipkart,2026-09-01
boAt Airdopes 141 Bluetooth Truly Wireless in Ear Earbuds,Audio,Mic is strictly average for noisy outdoor calls,"Good for music and video playback indoors. But on bike or bus, mic captures traffic noise and listener can't hear voice clearly. Decent for the low price.",3,True,63,Flipkart,2026-09-02
boAt Airdopes 141 Bluetooth Truly Wireless in Ear Earbuds,Audio,Paisa vasool! Bass is thumping and battery is solid,Best earbuds under 1500 rupees. Beast mode low latency works great for casual gaming. 42 hours total playtime with case is legitimately accurate. Very happy with Flipkart purchase!,5,True,46,Flipkart,2026-08-21
realme 55 inch 4K Ultra HD Smart LED TV,Appliances,Cinematic Dolby Vision and punchy speakers,Picture quality is crisp with vibrant colors and deep contrast. 24W quad stereo speakers are loud enough without needing an external soundbar. Installation was done within 24 hours.,5,True,72,Flipkart,2026-08-14
boAt Airdopes 141 Bluetooth Truly Wireless in Ear Earbuds,Audio,Mic is strictly average for noisy outdoor calls,"Good for music and video playback indoors. But on bike or bus, mic captures traffic noise and listener can't hear voice clearly. Decent for the low price.",3,True,88,Flipkart,2026-07-24
realme 55 inch 4K Ultra HD Smart LED TV,Appliances,Display backlight bleeding and software lag,Noticeable white light bleeding from the bottom corners during dark scenes. Android TV interface stutters when switching between Netflix and Prime Video. Average experience.,2,True,75,Flipkart,2026-09-02
realme 55 inch 4K Ultra HD Smart LED TV,Appliances,Cinematic Dolby Vision and punchy speakers,Picture quality is crisp with vibrant colors and deep contrast. 24W quad stereo speakers are loud enough without needing an external soundbar. Installation was done within 24 hours.,5,True,49,Flipkart,2026-09-21
PUMA Nitro Running Shoes,Fashion,Sole rubber detached after 3 weeks of walking,Defective piece or counterfeit batch! The outer tread started peeling off from the heel. Very cheap glue quality. Requested refund immediately.,1,True,70,Flipkart,2026-08-12
realme 55 inch 4K Ultra HD Smart LED TV,Appliances,Display backlight bleeding and software lag,Noticeable white light bleeding from the bottom corners during dark scenes. Android TV interface stutters when switching between Netflix and Prime Video. Average experience.,2,True,79,Flipkart,2026-08-08
boAt Airdopes 141 Bluetooth Truly Wireless in Ear Earbuds,Audio,Mic is strictly average for noisy outdoor calls,"Good for music and video playback indoors. But on bike or bus, mic captures traffic noise and listener can't hear voice clearly. Decent for the low price.",3,True,63,Flipkart,2026-09-04
boAt Airdopes 141 Bluetooth Truly Wireless in Ear Earbuds,Audio,Mic is strictly average for noisy outdoor calls,"Good for music and video playback indoors. But on bike or bus, mic captures traffic noise and listener can't hear voice clearly. Decent for the low price.",3,True,69,Flipkart,2026-08-18
boAt Airdopes 141 Bluetooth Truly Wireless in Ear Earbuds,Audio,Left bud stopped pairing after 20 days,"Only right earbud plays sound now. Followed all reset instructions on manual but left side shows no light. Flipkart return window closed after 7 days, boAt service center is 30km away.",1,True,60,Flipkart,2026-08-11
realme 55 inch 4K Ultra HD Smart LED TV,Appliances,Display backlight bleeding and software lag,Noticeable white light bleeding from the bottom corners during dark scenes. Android TV interface stutters when switching between Netflix and Prime Video. Average experience.,2,True,54,Flipkart,2026-08-19
boAt Airdopes 141 Bluetooth Truly Wireless in Ear Earbuds,Audio,Mic is strictly average for noisy outdoor calls,"Good for music and video playback indoors. But on bike or bus, mic captures traffic noise and listener can't hear voice clearly. Decent for the low price.",3,True,29,Flipkart,2026-09-06
PUMA Nitro Running Shoes,Fashion,Sole rubber detached after 3 weeks of walking,Defective piece or counterfeit batch! The outer tread started peeling off from the heel. Very cheap glue quality. Requested refund immediately.,1,True,38,Flipkart,2026-09-04
boAt Airdopes 141 Bluetooth Truly Wireless in Ear Earbuds,Audio,Mic is strictly average for noisy outdoor calls,"Good for music and video playback indoors. But on bike or bus, mic captures traffic noise and listener can't hear voice clearly. Decent for the low price.",3,True,77,Flipkart,2026-09-03
boAt Airdopes 141 Bluetooth Truly Wireless in Ear Earbuds,Audio,Left bud stopped pairing after 20 days,"Only right earbud plays sound now. Followed all reset instructions on manual but left side shows no light. Flipkart return window closed after 7 days, boAt service center is 30km away.",1,True,80,Flipkart,2026-09-04
boAt Airdopes 141 Bluetooth Truly Wireless in Ear Earbuds,Audio,Mic is strictly average for noisy outdoor calls,"Good for music and video playback indoors. But on bike or bus, mic captures traffic noise and listener can't hear voice clearly. Decent for the low price.",3,True,30,Flipkart,2026-07-28
boAt Airdopes 141 Bluetooth Truly Wireless in Ear Earbuds,Audio,Mic is strictly average for noisy outdoor calls,"Good for music and video playback indoors. But on bike or bus, mic captures traffic noise and listener can't hear voice clearly. Decent for the low price.",3,True,85,Flipkart,2026-08-10
boAt Airdopes 141 Bluetooth Truly Wireless in Ear Earbuds,Audio,Mic is strictly average for noisy outdoor calls,"Good for music and video playback indoors. But on bike or bus, mic captures traffic noise and listener can't hear voice clearly. Decent for the low price.",3,True,51,Flipkart,2026-09-04
