review_id,product_name,category,review_title,review_text,star_rating,verified_purchase,helpful_votes,review_date
REV-1170,AeroStride Ultra Carbon Running Shoes,Fashion,Terrible performance and constant issues,"Glitchy, slow, and completely unreliable. Overheats quickly and fails to perform its core functions. Avoid at all costs.",1,True,92,2026-07-15
REV-1091,HydroPure UV Self-Cleaning Water Bottle,Sports & Outdoors,"Okay for the price, but could be better",Does the job as described. Neither impressed nor disappointed. Reasonable entry-level option.,3,False,19,2026-08-03
REV-1179,BaristaExpress 15-Bar Espresso Machine,Home & Kitchen,Defective right out of the box,Arrived broken and unusable. Loud rattling noise and wouldn't even turn on. Very frustrating return process.,2,True,81,2026-07-06
REV-1065,PulseFit Apex Smartwatch,Electronics,Super high quality and well crafted,Materials feel top notch and ergonomic. Solved all the issues I had with previous competing brands.,4,True,17,2026-09-06
REV-1167,AeroStride Ultra Carbon Running Shoes,Fashion,Total waste of money,Broke on the third day! The parts feel flimsy and plasticky. Customer service refused to honor the warranty. Returning immediately.,1,True,15,2026-08-09
REV-1004,CrispMaster XXL Digital Air Fryer,Home & Kitchen,Best purchase of the year,Incredible performance and very premium feel. Battery life lasts even longer than claimed and customer support was responsive and helpful.,4,True,58,2026-07-16
REV-1090,SonicGleam Pro Sonic Electric Toothbrush,Health & Beauty,Fair balance of pros and cons,"Good build quality and nice aesthetics. However, the learning curve is steep and accessories are a bit cheap.",3,False,17,2026-07-31
REV-1134,ErgoRise Aluminum Ergonomic Laptop Stand,Electronics,Defective right out of the box,Arrived broken and unusable. Loud rattling noise and wouldn't even turn on. Very frustrating return process.,1,True,86,2026-08-22
REV-1043,BaristaExpress 15-Bar Espresso Machine,Home & Kitchen,Best purchase of the year,Incredible performance and very premium feel. Battery life lasts even longer than claimed and customer support was responsive and helpful.,5,True,43,2026-06-29
REV-1012,ErgoRise Aluminum Ergonomic Laptop Stand,Electronics,Best purchase of the year,Incredible performance and very premium feel. Battery life lasts even longer than claimed and customer support was responsive and helpful.,4,True,57,2026-09-15
REV-1045,Chronos Pro Watch,Electronics,Terrific value for money,"Outstanding quality at this price point. Sturdy construction, intuitive features, and sleek aesthetic design. 5 stars without hesitation.",4,True,46,2026-09-06
REV-1180,AeroStride Ultra Carbon Running Shoes,Fashion,Total waste of money,Broke on the third day! The parts feel flimsy and plasticky. Customer service refused to honor the warranty. Returning immediately.,2,False,22,2026-08-09
REV-1037,VoltCharge 20000mAh 65W Fast Power Bank,Electronics,Super high quality and well crafted,Materials feel top notch and ergonomic. Solved all the issues I had with previous competing brands.,4,True,64,2026-09-04
REV-1029,HydroPure UV Self-Cleaning Water Bottle,Sports & Outdoors,Best purchase of the year,Incredible performance and very premium feel. Battery life lasts even longer than claimed and customer support was responsive and helpful.,5,True,62,2026-07-15
REV-1036,VoltCharge 20000mAh 65W Fast Power Bank,Electronics,Terrific value for money,"Outstanding quality at this price point. Sturdy construction, intuitive features, and sleek aesthetic design. 5 stars without hesitation.",4,True,74,2026-08-27
REV-1154,HydroPure UV Self-Cleaning Water Bottle,Sports & Outdoors,Flimsy build and overpriced junk,Way overpriced for such abysmal quality. Snapped during normal adjustment. Save your money and buy a reputable brand.,1,True,28,2026-09-13
REV-1099,HydroPure UV Self-Cleaning Water Bottle,Sports & Outdoors,Fair balance of pros and cons,"Good build quality and nice aesthetics. However, the learning curve is steep and accessories are a bit cheap.",3,False,15,2026-07-08
REV-1177,Chronos Pro Watch,Electronics,Terrible performance and constant issues,"Glitchy, slow, and completely unreliable. Overheats quickly and fails to perform its core functions. Avoid at all costs.",1,False,89,2026-07-23
REV-1084,Chronos Pro Watch,Electronics,Decent product with minor flaws,"Overall it performs adequately for basic tasks. Build is fair, but some features feel somewhat unpolished. Acceptable for the price.",3,False,9,2026-09-17
REV-1085,VoltCharge 20000mAh 65W Fast Power Bank,Electronics,Decent product with minor flaws,"Overall it performs adequately for basic tasks. Build is fair, but some features feel somewhat unpolished. Acceptable for the price.",3,False,5,2026-07-22
REV-1117,CrispMaster XXL Digital Air Fryer,Home & Kitchen,Terrible performance and constant issues,"Glitchy, slow, and completely unreliable. Overheats quickly and fails to perform its core functions. Avoid at all costs.",2,True,60,2026-08-22
REV-1060,HydroPure UV Self-Cleaning Water Bottle,Sports & Outdoors,Love everything about it!,"From the unboxing to daily use, it has been a delight. Fast, durable, and performs reliably every single day.",4,True,18,2026-06-22
REV-1047,BaristaExpress 15-Bar Espresso Machine,Home & Kitchen,Terrific value for money,"Outstanding quality at this price point. Sturdy construction, intuitive features, and sleek aesthetic design. 5 stars without hesitation.",5,True,14,2026-06-25
REV-1044,LuminaDesk Smart LED Reading Lamp,Home & Kitchen,Absolutely phenomenal product!,"Exceeded all my expectations. The build quality is exceptional, works flawlessly, and setup was effortless. Highly recommend to anyone!",5,True,29,2026-09-02
REV-1126,HydroPure UV Self-Cleaning Water Bottle,Sports & Outdoors,Flimsy build and overpriced junk,Way overpriced for such abysmal quality. Snapped during normal adjustment. Save your money and buy a reputable brand.,2,True,46,2026-08-09
REV-1147,HydroPure UV Self-Cleaning Water Bottle,Sports & Outdoors,Terrible performance and constant issues,"Glitchy, slow, and completely unreliable. Overheats quickly and fails to perform its core functions. Avoid at all costs.",1,True,25,2026-07-31
REV-1164,LuminaDesk Smart LED Reading Lamp,Home & Kitchen,"Horrible experience, do not buy!","Extremely disappointed. Stopped working after barely two weeks of gentle use. Cheap materials, horrible quality control, and zero support.",1,True,89,2026-08-17
REV-1027,ErgoRise Aluminum Ergonomic Laptop Stand,Electronics,Terrific value for money,"Outstanding quality at this price point. Sturdy construction, intuitive features, and sleek aesthetic design. 5 stars without hesitation.",4,True,29,2026-07-03
REV-1052,CrispMaster XXL Digital Air Fryer,Home & Kitchen,Terrific value for money,"Outstanding quality at this price point. Sturdy construction, intuitive features, and sleek aesthetic design. 5 stars without hesitation.",5,True,73,2026-09-18
REV-1061,BaristaExpress 15-Bar Espresso Machine,Home & Kitchen,Best purchase of the year,Incredible performance and very premium feel. Battery life lasts even longer than claimed and customer support was responsive and helpful.,4,True,54,2026-08-09
REV-1071,LuminaDesk Smart LED Reading Lamp,Home & Kitchen,"Okay for the price, but could be better",Does the job as described. Neither impressed nor disappointed. Reasonable entry-level option.,3,True,15,2026-08-19
REV-1086,PulseFit Apex Smartwatch,Electronics,"Okay for the price, but could be better",Does the job as described. Neither impressed nor disappointed. Reasonable entry-level option.,3,False,13,2026-08-06
REV-1005,Chronos Pro Watch,Electronics,Love everything about it!,"From the unboxing to daily use, it has been a delight. Fast, durable, and performs reliably every single day.",4,True,25,2026-07-11
REV-1112,AeroStride Ultra Carbon Running Shoes,Fashion,Defective right out of the box,Arrived broken and unusable. Loud rattling noise and wouldn't even turn on. Very frustrating return process.,1,True,58,2026-08-10
REV-1035,PulseFit Apex Smartwatch,Electronics,Best purchase of the year,Incredible performance and very premium feel. Battery life lasts even longer than claimed and customer support was responsive and helpful.,5,True,59,2026-09-08
REV-1118,SonicGleam Pro Sonic Electric Toothbrush,Health & Beauty,"Horrible experience, do not buy!","Extremely disappointed. Stopped working after barely two weeks of gentle use. Cheap materials, horrible quality control, and zero support.",2,True,92,2026-09-01
REV-1139,SonicGleam Pro Sonic Electric Toothbrush,Health & Beauty,Terrible performance and constant issues,"Glitchy, slow, and completely unreliable. Overheats quickly and fails to perform its core functions. Avoid at all costs.",1,True,69,2026-08-09
REV-1001,CrispMaster XXL Digital Air Fryer,Home & Kitchen,Absolutely phenomenal product!,"Exceeded all my expectations. The build quality is exceptional, works flawlessly, and setup was effortless. Highly recommend to anyone!",5,True,16,2026-08-16
REV-1038,BaristaExpress 15-Bar Espresso Machine,Home & Kitchen,Terrific value for money,"Outstanding quality at this price point. Sturdy construction, intuitive features, and sleek aesthetic design. 5 stars without hesitation.",5,True,71,2026-09-05
REV-1072,SonicGleam Pro Sonic Electric Toothbrush,Health & Beauty,"Average performance, nothing extraordinary","It works as advertised most of the time. Not bad, but certainly not mindblowing either. Meets expectations.",3,True,2,2026-08-09
REV-1120,ErgoRise Aluminum Ergonomic Laptop Stand,Electronics,Total waste of money,Broke on the third day! The parts feel flimsy and plasticky. Customer service refused to honor the warranty. Returning immediately.,2,False,17,2026-09-16
REV-1131,HydroPure UV Self-Cleaning Water Bottle,Sports & Outdoors,Defective right out of the box,Arrived broken and unusable. Loud rattling noise and wouldn't even turn on. Very frustrating return process.,1,False,78,2026-07-21
REV-1075,AeroStride Ultra Carbon Running Shoes,Fashion,"Average performance, nothing extraordinary","It works as advertised most of the time. Not bad, but certainly not mindblowing either. Meets expectations.",3,False,9,2026-07-28
REV-1119,LuminaDesk Smart LED Reading Lamp,Home & Kitchen,Total waste of money,Broke on the third day! The parts feel flimsy and plasticky. Customer service refused to honor the warranty. Returning immediately.,2,False,90,2026-09-12
REV-1114,PulseFit Apex Smartwatch,Electronics,Terrible performance and constant issues,"Glitchy, slow, and completely unreliable. Overheats quickly and fails to perform its core functions. Avoid at all costs.",1,False,24,2026-07-14
REV-1110,HydroPure UV Self-Cleaning Water Bottle,Sports & Outdoors,Fair balance of pros and cons,"Good build quality and nice aesthetics. However, the learning curve is steep and accessories are a bit cheap.",3,True,20,2026-09-03
REV-1138,BaristaExpress 15-Bar Espresso Machine,Home & Kitchen,Defective right out of the box,Arrived broken and unusable. Loud rattling noise and wouldn't even turn on. Very frustrating return process.,2,False,37,2026-09-15
REV-1026,LuminaDesk Smart LED Reading Lamp,Home & Kitchen,Love everything about it!,"From the unboxing to daily use, it has been a delight. Fast, durable, and performs reliably every single day.",5,True,74,2026-09-01
REV-1140,CrispMaster XXL Digital Air Fryer,Home & Kitchen,Total waste of money,Broke on the third day! The parts feel flimsy and plasticky. Customer service refused to honor the warranty. Returning immediately.,2,False,93,2026-09-17
REV-1124,AeroStride Ultra Carbon Running Shoes,Fashion,Terrible performance and constant issues,"Glitchy, slow, and completely unreliable. Overheats quickly and fails to perform its core functions. Avoid at all costs.",1,False,40,2026-08-13
REV-1122,ErgoRise Aluminum Ergonomic Laptop Stand,Electronics,Flimsy build and overpriced junk,Way overpriced for such abysmal quality. Snapped during normal adjustment. Save your money and buy a reputable brand.,1,True,68,2026-08-24
REV-1008,HydroPure UV Self-Cleaning Water Bottle,Sports & Outdoors,Super high quality and well crafted,Materials feel top notch and ergonomic. Solved all the issues I had with previous competing brands.,4,True,45,2026-06-28
REV-1034,LuminaDesk Smart LED Reading Lamp,Home & Kitchen,Best purchase of the year,Incredible performance and very premium feel. Battery life lasts even longer than claimed and customer support was responsive and helpful.,5,True,74,2026-07-02
REV-1178,ErgoRise Aluminum Ergonomic Laptop Stand,Electronics,Terrible performance and constant issues,"Glitchy, slow, and completely unreliable. Overheats quickly and fails to perform its core functions. Avoid at all costs.",1,False,61,2026-09-15
REV-1033,SonicGleam Pro Sonic Electric Toothbrush,Health & Beauty,Absolutely phenomenal product!,"Exceeded all my expectations. The build quality is exceptional, works flawlessly, and setup was effortless. Highly recommend to anyone!",5,True,58,2026-09-10
REV-1162,SonicGleam Pro Sonic Electric Toothbrush,Health & Beauty,Terrible performance and constant issues,"Glitchy, slow, and completely unreliable. Overheats quickly and fails to perform its core functions. Avoid at all costs.",2,True,16,2026-08-26
REV-1073,BaristaExpress 15-Bar Espresso Machine,Home & Kitchen,Mixed feelings after a few weeks,"Some features are quite good like the exterior design, but battery life and companion software are strictly average.",3,True,16,2026-07-28
REV-1015,AuraSound Pro Wireless Earbuds,Electronics,Love everything about it!,"From the unboxing to daily use, it has been a delight. Fast, durable, and performs reliably every single day.",4,True,52,2026-08-11
REV-1172,AeroStride Ultra Carbon Running Shoes,Fashion,Terrible performance and constant issues,"Glitchy, slow, and completely unreliable. Overheats quickly and fails to perform its core functions. Avoid at all costs.",2,True,58,2026-07-17
REV-1092,AeroStride Ultra Carbon Running Shoes,Fashion,"Average performance, nothing extraordinary","It works as advertised most of the time. Not bad, but certainly not mindblowing either. Meets expectations.",3,False,8,2026-08-01
REV-1064,SonicGleam Pro Sonic Electric Toothbrush,Health & Beauty,Love everything about it!,"From the unboxing to daily use, it has been a delight. Fast, durable, and performs reliably every single day.",4,True,28,2026-08-15
REV-1141,AuraSound Pro Wireless Earbuds,Electronics,Total waste of money,Broke on the third day! The parts feel flimsy and plasticky. Customer service refused to honor the warranty. Returning immediately.,2,True,74,2026-07-28
REV-1145,CrispMaster XXL Digital Air Fryer,Home & Kitchen,Total waste of money,Broke on the third day! The parts feel flimsy and plasticky. Customer service refused to honor the warranty. Returning immediately.,2,False,36,2026-07-28
REV-1116,VoltCharge 20000mAh 65W Fast Power Bank,Electronics,Terrible performance and constant issues,"Glitchy, slow, and completely unreliable. Overheats quickly and fails to perform its core functions. Avoid at all costs.",1,True,46,2026-08-02
REV-1049,VoltCharge 20000mAh 65W Fast Power Bank,Electronics,Best purchase of the year,Incredible performance and very premium feel. Battery life lasts even longer than claimed and customer support was responsive and helpful.,5,True,17,2026-07-04
REV-1066,AeroStride Ultra Carbon Running Shoes,Fashion,Super high quality and well crafted,Materials feel top notch and ergonomic. Solved all the issues I had with previous competing brands.,5,True,32,2026-07-13
REV-1127,PulseFit Apex Smartwatch,Electronics,"Horrible experience, do not buy!","Extremely disappointed. Stopped working after barely two weeks of gentle use. Cheap materials, horrible quality control, and zero support.",1,True,73,2026-07-19
REV-1003,BaristaExpress 15-Bar Espresso Machine,Home & Kitchen,Absolutely phenomenal product!,"Exceeded all my expectations. The build quality is exceptional, works flawlessly, and setup was effortless. Highly recommend to anyone!",5,True,21,2026-08-29
REV-1174,PulseFit Apex Smartwatch,Electronics,Defective right out of the box,Arrived broken and unusable. Loud rattling noise and wouldn't even turn on. Very frustrating return process.,2,False,63,2026-08-29
REV-1024,PulseFit Apex Smartwatch,Electronics,Super high quality and well crafted,Materials feel top notch and ergonomic. Solved all the issues I had with previous competing brands.,4,True,73,2026-07-30
REV-1150,AuraSound Pro Wireless Earbuds,Electronics,Terrible performance and constant issues,"Glitchy, slow, and completely unreliable. Overheats quickly and fails to perform its core functions. Avoid at all costs.",2,True,57,2026-08-16
REV-1007,ErgoRise Aluminum Ergonomic Laptop Stand,Electronics,Love everything about it!,"From the unboxing to daily use, it has been a delight. Fast, durable, and performs reliably every single day.",4,True,69,2026-06-29
REV-1098,AuraSound Pro Wireless Earbuds,Electronics,Decent product with minor flaws,"Overall it performs adequately for basic tasks. Build is fair, but some features feel somewhat unpolished. Acceptable for the price.",3,False,12,2026-06-27
REV-1158,BaristaExpress 15-Bar Espresso Machine,Home & Kitchen,Defective right out of the box,Arrived broken and unusable. Loud rattling noise and wouldn't even turn on. Very frustrating return process.,2,True,63,2026-08-18
REV-1166,LuminaDesk Smart LED Reading Lamp,Home & Kitchen,Total waste of money,Broke on the third day! The parts feel flimsy and plasticky. Customer service refused to honor the warranty. Returning immediately.,2,False,63,2026-06-23
REV-1058,LuminaDesk Smart LED Reading Lamp,Home & Kitchen,Terrific value for money,"Outstanding quality at this price point. Sturdy construction, intuitive features, and sleek aesthetic design. 5 stars without hesitation.",4,True,36,2026-08-05
REV-1144,Chronos Pro Watch,Electronics,"Horrible experience, do not buy!","Extremely disappointed. Stopped working after barely two weeks of gentle use. Cheap materials, horrible quality control, and zero support.",1,False,63,2026-09-06
REV-1023,VoltCharge 20000mAh 65W Fast Power Bank,Electronics,Love everything about it!,"From the unboxing to daily use, it has been a delight. Fast, durable, and performs reliably every single day.",5,True,50,2026-09-12
REV-1102,AuraSound Pro Wireless Earbuds,Electronics,"Average performance, nothing extraordinary","It works as advertised most of the time. Not bad, but certainly not mindblowing either. Meets expectations.",3,True,15,2026-07-12
REV-1040,Chronos Pro Watch,Electronics,Love everything about it!,"From the unboxing to daily use, it has been a delight. Fast, durable, and performs reliably every single day.",4,True,49,2026-07-10
REV-1087,CrispMaster XXL Digital Air Fryer,Home & Kitchen,"Average performance, nothing extraordinary","It works as advertised most of the time. Not bad, but certainly not mindblowing either. Meets expectations.",3,False,9,2026-07-25
REV-1109,ErgoRise Aluminum Ergonomic Laptop Stand,Electronics,Decent product with minor flaws,"Overall it performs adequately for basic tasks. Build is fair, but some features feel somewhat unpolished. Acceptable for the price.",3,True,4,2026-08-19
REV-1063,HydroPure UV Self-Cleaning Water Bottle,Sports & Outdoors,Super high quality and well crafted,Materials feel top notch and ergonomic. Solved all the issues I had with previous competing brands.,4,True,24,2026-07-22
REV-1069,SonicGleam Pro Sonic Electric Toothbrush,Health & Beauty,Terrific value for money,"Outstanding quality at this price point. Sturdy construction, intuitive features, and sleek aesthetic design. 5 stars without hesitation.",4,True,54,2026-07-18
REV-1136,VoltCharge 20000mAh 65W Fast Power Bank,Electronics,Flimsy build and overpriced junk,Way overpriced for such abysmal quality. Snapped during normal adjustment. Save your money and buy a reputable brand.,1,False,15,2026-08-06
REV-1130,SonicGleam Pro Sonic Electric Toothbrush,Health & Beauty,Terrible performance and constant issues,"Glitchy, slow, and completely unreliable. Overheats quickly and fails to perform its core functions. Avoid at all costs.",2,True,52,2026-09-10
REV-1068,ErgoRise Aluminum Ergonomic Laptop Stand,Electronics,Super high quality and well crafted,Materials feel top notch and ergonomic. Solved all the issues I had with previous competing brands.,5,True,58,2026-07-06
REV-1055,AeroStride Ultra Carbon Running Shoes,Fashion,Terrific value for money,"Outstanding quality at this price point. Sturdy construction, intuitive features, and sleek aesthetic design. 5 stars without hesitation.",4,True,45,2026-08-10
REV-1093,BaristaExpress 15-Bar Espresso Machine,Home & Kitchen,"Average performance, nothing extraordinary","It works as advertised most of the time. Not bad, but certainly not mindblowing either. Meets expectations.",3,True,3,2026-07-03
REV-1168,AuraSound Pro Wireless Earbuds,Electronics,"Horrible experience, do not buy!","Extremely disappointed. Stopped working after barely two weeks of gentle use. Cheap materials, horrible quality control, and zero support.",1,True,73,2026-07-21
REV-1129,CrispMaster XXL Digital Air Fryer,Home & Kitchen,Flimsy build and overpriced junk,Way overpriced for such abysmal quality. Snapped during normal adjustment. Save your money and buy a reputable brand.,2,True,89,2026-09-15
REV-1019,ErgoRise Aluminum Ergonomic Laptop Stand,Electronics,Love everything about it!,"From the unboxing to daily use, it has been a delight. Fast, durable, and performs reliably every single day.",4,True,65,2026-06-28
REV-1083,Chronos Pro Watch,Electronics,Decent product with minor flaws,"Overall it performs adequately for basic tasks. Build is fair, but some features feel somewhat unpolished. Acceptable for the price.",3,True,13,2026-09-18
REV-1137,SonicGleam Pro Sonic Electric Toothbrush,Health & Beauty,Terrible performance and constant issues,"Glitchy, slow, and completely unreliable. Overheats quickly and fails to perform its core functions. Avoid at all costs.",2,True,76,2026-08-15
REV-1115,VoltCharge 20000mAh 65W Fast Power Bank,Electronics,"Horrible experience, do not buy!","Extremely disappointed. Stopped working after barely two weeks of gentle use. Cheap materials, horrible quality control, and zero support.",1,False,71,2026-08-25
REV-1074,Chronos Pro Watch,Electronics,Fair balance of pros and cons,"Good build quality and nice aesthetics. However, the learning curve is steep and accessories are a bit cheap.",3,False,12,2026-09-05
REV-1104,LuminaDesk Smart LED Reading Lamp,Home & Kitchen,Mixed feelings after a few weeks,"Some features are quite good like the exterior design, but battery life and companion software are strictly average.",3,True,1,2026-08-22
REV-1157,AeroStride Ultra Carbon Running Shoes,Fashion,Flimsy build and overpriced junk,Way overpriced for such abysmal quality. Snapped during normal adjustment. Save your money and buy a reputable brand.,1,False,79,2026-06-27
REV-1125,PulseFit Apex Smartwatch,Electronics,"Horrible experience, do not buy!","Extremely disappointed. Stopped working after barely two weeks of gentle use. Cheap materials, horrible quality control, and zero support.",1,True,40,2026-09-03
REV-1111,PulseFit Apex Smartwatch,Electronics,Flimsy build and overpriced junk,Way overpriced for such abysmal quality. Snapped during normal adjustment. Save your money and buy a reputable brand.,2,True,18,2026-07-05
REV-1160,PulseFit Apex Smartwatch,Electronics,Defective right out of the box,Arrived broken and unusable. Loud rattling noise and wouldn't even turn on. Very frustrating return process.,1,True,60,2026-07-06
REV-1080,PulseFit Apex Smartwatch,Electronics,Mixed feelings after a few weeks,"Some features are quite good like the exterior design, but battery life and companion software are strictly average.",3,False,16,2026-08-14
REV-1042,AuraSound Pro Wireless Earbuds,Electronics,Terrific value for money,"Outstanding quality at this price point. Sturdy construction, intuitive features, and sleek aesthetic design. 5 stars without hesitation.",4,True,10,2026-07-01
REV-1103,LuminaDesk Smart LED Reading Lamp,Home & Kitchen,Fair balance of pros and cons,"Good build quality and nice aesthetics. However, the learning curve is steep and accessories are a bit cheap.",3,True,1,2026-08-11
REV-1088,SonicGleam Pro Sonic Electric Toothbrush,Health & Beauty,Mixed feelings after a few weeks,"Some features are quite good like the exterior design, but battery life and companion software are strictly average.",3,True,5,2026-07-20
REV-1149,AuraSound Pro Wireless Earbuds,Electronics,Flimsy build and overpriced junk,Way overpriced for such abysmal quality. Snapped during normal adjustment. Save your money and buy a reputable brand.,2,True,51,2026-07-07
REV-1132,AeroStride Ultra Carbon Running Shoes,Fashion,"Horrible experience, do not buy!","Extremely disappointed. Stopped working after barely two weeks of gentle use. Cheap materials, horrible quality control, and zero support.",2,False,62,2026-08-31
REV-1128,ErgoRise Aluminum Ergonomic Laptop Stand,Electronics,Defective right out of the box,Arrived broken and unusable. Loud rattling noise and wouldn't even turn on. Very frustrating return process.,2,True,57,2026-07-29
REV-1041,AuraSound Pro Wireless Earbuds,Electronics,Best purchase of the year,Incredible performance and very premium feel. Battery life lasts even longer than claimed and customer support was responsive and helpful.,5,True,73,2026-07-21
REV-1142,ErgoRise Aluminum Ergonomic Laptop Stand,Electronics,Flimsy build and overpriced junk,Way overpriced for such abysmal quality. Snapped during normal adjustment. Save your money and buy a reputable brand.,2,True,45,2026-06-22
REV-1020,AuraSound Pro Wireless Earbuds,Electronics,Super high quality and well crafted,Materials feel top notch and ergonomic. Solved all the issues I had with previous competing brands.,4,True,61,2026-07-19
REV-1113,LuminaDesk Smart LED Reading Lamp,Home & Kitchen,Total waste of money,Broke on the third day! The parts feel flimsy and plasticky. Customer service refused to honor the warranty. Returning immediately.,1,True,31,2026-08-16
REV-1169,LuminaDesk Smart LED Reading Lamp,Home & Kitchen,Total waste of money,Broke on the third day! The parts feel flimsy and plasticky. Customer service refused to honor the warranty. Returning immediately.,1,True,18,2026-07-10
REV-1010,BaristaExpress 15-Bar Espresso Machine,Home & Kitchen,Best purchase of the year,Incredible performance and very premium feel. Battery life lasts even longer than claimed and customer support was responsive and helpful.,5,True,32,2026-07-22
REV-1133,AuraSound Pro Wireless Earbuds,Electronics,Defective right out of the box,Arrived broken and unusable. Loud rattling noise and wouldn't even turn on. Very frustrating return process.,1,True,70,2026-08-02
REV-1159,CrispMaster XXL Digital Air Fryer,Home & Kitchen,Total waste of money,Broke on the third day! The parts feel flimsy and plasticky. Customer service refused to honor the warranty. Returning immediately.,1,False,36,2026-06-28
REV-1051,HydroPure UV Self-Cleaning Water Bottle,Sports & Outdoors,Super high quality and well crafted,Materials feel top notch and ergonomic. Solved all the issues I had with previous competing brands.,5,True,53,2026-08-31
REV-1028,CrispMaster XXL Digital Air Fryer,Home & Kitchen,Terrific value for money,"Outstanding quality at this price point. Sturdy construction, intuitive features, and sleek aesthetic design. 5 stars without hesitation.",4,True,11,2026-07-14
REV-1056,HydroPure UV Self-Cleaning Water Bottle,Sports & Outdoors,Super high quality and well crafted,Materials feel top notch and ergonomic. Solved all the issues I had with previous competing brands.,5,True,35,2026-06-22
REV-1155,BaristaExpress 15-Bar Espresso Machine,Home & Kitchen,Flimsy build and overpriced junk,Way overpriced for such abysmal quality. Snapped during normal adjustment. Save your money and buy a reputable brand.,2,True,19,2026-08-09
REV-1107,BaristaExpress 15-Bar Espresso Machine,Home & Kitchen,Mixed feelings after a few weeks,"Some features are quite good like the exterior design, but battery life and companion software are strictly average.",3,True,1,2026-09-10
REV-1081,VoltCharge 20000mAh 65W Fast Power Bank,Electronics,Fair balance of pros and cons,"Good build quality and nice aesthetics. However, the learning curve is steep and accessories are a bit cheap.",3,True,12,2026-09-03
REV-1011,PulseFit Apex Smartwatch,Electronics,Absolutely phenomenal product!,"Exceeded all my expectations. The build quality is exceptional, works flawlessly, and setup was effortless. Highly recommend to anyone!",4,True,36,2026-08-31
REV-1048,SonicGleam Pro Sonic Electric Toothbrush,Health & Beauty,Terrific value for money,"Outstanding quality at this price point. Sturdy construction, intuitive features, and sleek aesthetic design. 5 stars without hesitation.",4,True,53,2026-07-25
REV-1135,PulseFit Apex Smartwatch,Electronics,Defective right out of the box,Arrived broken and unusable. Loud rattling noise and wouldn't even turn on. Very frustrating return process.,1,True,13,2026-08-06
REV-1143,SonicGleam Pro Sonic Electric Toothbrush,Health & Beauty,Flimsy build and overpriced junk,Way overpriced for such abysmal quality. Snapped during normal adjustment. Save your money and buy a reputable brand.,1,False,37,2026-08-09
REV-1039,Chronos Pro Watch,Electronics,Love everything about it!,"From the unboxing to daily use, it has been a delight. Fast, durable, and performs reliably every single day.",4,True,50,2026-08-05
REV-1025,CrispMaster XXL Digital Air Fryer,Home & Kitchen,Super high quality and well crafted,Materials feel top notch and ergonomic. Solved all the issues I had with previous competing brands.,4,True,49,2026-07-30
REV-1163,AeroStride Ultra Carbon Running Shoes,Fashion,Total waste of money,Broke on the third day! The parts feel flimsy and plasticky. Customer service refused to honor the warranty. Returning immediately.,1,True,51,2026-07-24
REV-1057,VoltCharge 20000mAh 65W Fast Power Bank,Electronics,Love everything about it!,"From the unboxing to daily use, it has been a delight. Fast, durable, and performs reliably every single day.",4,True,13,2026-09-16
REV-1173,ErgoRise Aluminum Ergonomic Laptop Stand,Electronics,Total waste of money,Broke on the third day! The parts feel flimsy and plasticky. Customer service refused to honor the warranty. Returning immediately.,1,True,28,2026-09-12
REV-1171,AeroStride Ultra Carbon Running Shoes,Fashion,Terrible performance and constant issues,"Glitchy, slow, and completely unreliable. Overheats quickly and fails to perform its core functions. Avoid at all costs.",2,True,72,2026-08-17
REV-1146,VoltCharge 20000mAh 65W Fast Power Bank,Electronics,Total waste of money,Broke on the third day! The parts feel flimsy and plasticky. Customer service refused to honor the warranty. Returning immediately.,2,False,24,2026-08-22
REV-1175,Chronos Pro Watch,Electronics,Defective right out of the box,Arrived broken and unusable. Loud rattling noise and wouldn't even turn on. Very frustrating return process.,2,True,33,2026-08-14
REV-1017,CrispMaster XXL Digital Air Fryer,Home & Kitchen,Terrific value for money,"Outstanding quality at this price point. Sturdy construction, intuitive features, and sleek aesthetic design. 5 stars without hesitation.",4,True,52,2026-06-28
REV-1097,LuminaDesk Smart LED Reading Lamp,Home & Kitchen,Fair balance of pros and cons,"Good build quality and nice aesthetics. However, the learning curve is steep and accessories are a bit cheap.",3,False,7,2026-09-01
REV-1152,SonicGleam Pro Sonic Electric Toothbrush,Health & Beauty,Flimsy build and overpriced junk,Way overpriced for such abysmal quality. Snapped during normal adjustment. Save your money and buy a reputable brand.,1,True,56,2026-06-25
REV-1014,AuraSound Pro Wireless Earbuds,Electronics,Terrific value for money,"Outstanding quality at this price point. Sturdy construction, intuitive features, and sleek aesthetic design. 5 stars without hesitation.",5,True,18,2026-07-21
REV-1079,Chronos Pro Watch,Electronics,Mixed feelings after a few weeks,"Some features are quite good like the exterior design, but battery life and companion software are strictly average.",3,False,1,2026-07-13
REV-1013,PulseFit Apex Smartwatch,Electronics,Best purchase of the year,Incredible performance and very premium feel. Battery life lasts even longer than claimed and customer support was responsive and helpful.,4,True,39,2026-08-31
REV-1050,CrispMaster XXL Digital Air Fryer,Home & Kitchen,Terrific value for money,"Outstanding quality at this price point. Sturdy construction, intuitive features, and sleek aesthetic design. 5 stars without hesitation.",4,True,73,2026-08-01
REV-1078,SonicGleam Pro Sonic Electric Toothbrush,Health & Beauty,"Average performance, nothing extraordinary","It works as advertised most of the time. Not bad, but certainly not mindblowing either. Meets expectations.",3,False,12,2026-06-22
REV-1123,Chronos Pro Watch,Electronics,"Horrible experience, do not buy!","Extremely disappointed. Stopped working after barely two weeks of gentle use. Cheap materials, horrible quality control, and zero support.",2,True,65,2026-08-01
REV-1108,ErgoRise Aluminum Ergonomic Laptop Stand,Electronics,Fair balance of pros and cons,"Good build quality and nice aesthetics. However, the learning curve is steep and accessories are a bit cheap.",3,True,5,2026-08-01
REV-1082,SonicGleam Pro Sonic Electric Toothbrush,Health & Beauty,"Average performance, nothing extraordinary","It works as advertised most of the time. Not bad, but certainly not mindblowing either. Meets expectations.",3,True,10,2026-08-30
REV-1032,CrispMaster XXL Digital Air Fryer,Home & Kitchen,Love everything about it!,"From the unboxing to daily use, it has been a delight. Fast, durable, and performs reliably every single day.",4,True,65,2026-06-29
REV-1006,ErgoRise Aluminum Ergonomic Laptop Stand,Electronics,Super high quality and well crafted,Materials feel top notch and ergonomic. Solved all the issues I had with previous competing brands.,4,True,74,2026-07-12
REV-1165,VoltCharge 20000mAh 65W Fast Power Bank,Electronics,Defective right out of the box,Arrived broken and unusable. Loud rattling noise and wouldn't even turn on. Very frustrating return process.,1,False,46,2026-08-26
REV-1021,PulseFit Apex Smartwatch,Electronics,Best purchase of the year,Incredible performance and very premium feel. Battery life lasts even longer than claimed and customer support was responsive and helpful.,4,True,63,2026-08-11
REV-1053,Chronos Pro Watch,Electronics,Absolutely phenomenal product!,"Exceeded all my expectations. The build quality is exceptional, works flawlessly, and setup was effortless. Highly recommend to anyone!",4,True,16,2026-08-05
REV-1105,AuraSound Pro Wireless Earbuds,Electronics,Mixed feelings after a few weeks,"Some features are quite good like the exterior design, but battery life and companion software are strictly average.",3,False,8,2026-08-03
REV-1009,VoltCharge 20000mAh 65W Fast Power Bank,Electronics,Super high quality and well crafted,Materials feel top notch and ergonomic. Solved all the issues I had with previous competing brands.,4,True,71,2026-08-25
REV-1100,ErgoRise Aluminum Ergonomic Laptop Stand,Electronics,Decent product with minor flaws,"Overall it performs adequately for basic tasks. Build is fair, but some features feel somewhat unpolished. Acceptable for the price.",3,False,13,2026-08-12
REV-1059,AuraSound Pro Wireless Earbuds,Electronics,Terrific value for money,"Outstanding quality at this price point. Sturdy construction, intuitive features, and sleek aesthetic design. 5 stars without hesitation.",5,True,51,2026-08-30
REV-1094,SonicGleam Pro Sonic Electric Toothbrush,Health & Beauty,Mixed feelings after a few weeks,"Some features are quite good like the exterior design, but battery life and companion software are strictly average.",3,False,14,2026-09-08
REV-1076,HydroPure UV Self-Cleaning Water Bottle,Sports & Outdoors,Decent product with minor flaws,"Overall it performs adequately for basic tasks. Build is fair, but some features feel somewhat unpolished. Acceptable for the price.",3,False,13,2026-08-23
REV-1176,BaristaExpress 15-Bar Espresso Machine,Home & Kitchen,"Horrible experience, do not buy!","Extremely disappointed. Stopped working after barely two weeks of gentle use. Cheap materials, horrible quality control, and zero support.",1,True,53,2026-07-08
REV-1148,AuraSound Pro Wireless Earbuds,Electronics,Defective right out of the box,Arrived broken and unusable. Loud rattling noise and wouldn't even turn on. Very frustrating return process.,2,True,10,2026-08-21
REV-1151,Chronos Pro Watch,Electronics,Defective right out of the box,Arrived broken and unusable. Loud rattling noise and wouldn't even turn on. Very frustrating return process.,1,False,81,2026-08-01
REV-1156,HydroPure UV Self-Cleaning Water Bottle,Sports & Outdoors,Flimsy build and overpriced junk,Way overpriced for such abysmal quality. Snapped during normal adjustment. Save your money and buy a reputable brand.,2,False,87,2026-07-21
REV-1106,VoltCharge 20000mAh 65W Fast Power Bank,Electronics,"Average performance, nothing extraordinary","It works as advertised most of the time. Not bad, but certainly not mindblowing either. Meets expectations.",3,True,11,2026-08-24
REV-1030,LuminaDesk Smart LED Reading Lamp,Home & Kitchen,Super high quality and well crafted,Materials feel top notch and ergonomic. Solved all the issues I had with previous competing brands.,5,True,70,2026-08-23
REV-1121,Chronos Pro Watch,Electronics,Flimsy build and overpriced junk,Way overpriced for such abysmal quality. Snapped during normal adjustment. Save your money and buy a reputable brand.,1,True,35,2026-09-03
REV-1096,CrispMaster XXL Digital Air Fryer,Home & Kitchen,Decent product with minor flaws,"Overall it performs adequately for basic tasks. Build is fair, but some features feel somewhat unpolished. Acceptable for the price.",3,False,18,2026-09-12
REV-1153,VoltCharge 20000mAh 65W Fast Power Bank,Electronics,Total waste of money,Broke on the third day! The parts feel flimsy and plasticky. Customer service refused to honor the warranty. Returning immediately.,1,True,43,2026-08-30
REV-1089,ErgoRise Aluminum Ergonomic Laptop Stand,Electronics,Decent product with minor flaws,"Overall it performs adequately for basic tasks. Build is fair, but some features feel somewhat unpolished. Acceptable for the price.",3,True,20,2026-07-30
REV-1031,BaristaExpress 15-Bar Espresso Machine,Home & Kitchen,Love everything about it!,"From the unboxing to daily use, it has been a delight. Fast, durable, and performs reliably every single day.",4,True,20,2026-08-02
REV-1062,ErgoRise Aluminum Ergonomic Laptop Stand,Electronics,Absolutely phenomenal product!,"Exceeded all my expectations. The build quality is exceptional, works flawlessly, and setup was effortless. Highly recommend to anyone!",4,True,40,2026-09-18
REV-1161,ErgoRise Aluminum Ergonomic Laptop Stand,Electronics,Flimsy build and overpriced junk,Way overpriced for such abysmal quality. Snapped during normal adjustment. Save your money and buy a reputable brand.,1,True,71,2026-08-01
REV-1046,AuraSound Pro Wireless Earbuds,Electronics,Terrific value for money,"Outstanding quality at this price point. Sturdy construction, intuitive features, and sleek aesthetic design. 5 stars without hesitation.",4,True,53,2026-08-11
REV-1067,SonicGleam Pro Sonic Electric Toothbrush,Health & Beauty,Best purchase of the year,Incredible performance and very premium feel. Battery life lasts even longer than claimed and customer support was responsive and helpful.,5,True,18,2026-07-06
REV-1022,AeroStride Ultra Carbon Running Shoes,Fashion,Best purchase of the year,Incredible performance and very premium feel. Battery life lasts even longer than claimed and customer support was responsive and helpful.,5,True,11,2026-09-19
REV-1002,AeroStride Ultra Carbon Running Shoes,Fashion,Super high quality and well crafted,Materials feel top notch and ergonomic. Solved all the issues I had with previous competing brands.,4,True,18,2026-07-17
REV-1016,CrispMaster XXL Digital Air Fryer,Home & Kitchen,Best purchase of the year,Incredible performance and very premium feel. Battery life lasts even longer than claimed and customer support was responsive and helpful.,5,True,47,2026-08-13
REV-1018,AuraSound Pro Wireless Earbuds,Electronics,Terrific value for money,"Outstanding quality at this price point. Sturdy construction, intuitive features, and sleek aesthetic design. 5 stars without hesitation.",5,True,57,2026-07-10
REV-1095,LuminaDesk Smart LED Reading Lamp,Home & Kitchen,"Okay for the price, but could be better",Does the job as described. Neither impressed nor disappointed. Reasonable entry-level option.,3,True,6,2026-06-24
REV-1054,SonicGleam Pro Sonic Electric Toothbrush,Health & Beauty,Super high quality and well crafted,Materials feel top notch and ergonomic. Solved all the issues I had with previous competing brands.,4,True,74,2026-09-17
REV-1077,ErgoRise Aluminum Ergonomic Laptop Stand,Electronics,Mixed feelings after a few weeks,"Some features are quite good like the exterior design, but battery life and companion software are strictly average.",3,False,10,2026-09-15
REV-1070,AeroStride Ultra Carbon Running Shoes,Fashion,Best purchase of the year,Incredible performance and very premium feel. Battery life lasts even longer than claimed and customer support was responsive and helpful.,5,True,48,2026-08-14
REV-1101,ErgoRise Aluminum Ergonomic Laptop Stand,Electronics,Fair balance of pros and cons,"Good build quality and nice aesthetics. However, the learning curve is steep and accessories are a bit cheap.",3,True,10,2026-06-29
