review_id,product_name,brand,review_text,star_rating,review_date
CMP-301,PulseFit Apex Smartwatch,PulseFit,Accurate heart rate and sleep tracking. Battery lasts 5 days easily.,5,2026-08-01
CMP-302,PulseFit Apex Smartwatch,PulseFit,Screen scratched after minor collision with table. Fragile glass.,2,2026-08-05
CMP-303,PulseFit Apex Smartwatch,PulseFit,"Lightweight, comfortable band. Step counter is very reliable.",5,2026-08-09
CMP-304,PulseFit Apex Smartwatch,PulseFit,Companion mobile app is sluggish and disconnects randomly.,2,2026-08-14
CMP-305,PulseFit Apex Smartwatch,PulseFit,Terrific battery life and bright outdoor display.,5,2026-08-19
CMP-306,PulseFit Apex Smartwatch,PulseFit,GPS takes over 3 minutes to lock satellite position.,3,2026-08-25
CMP-307,PulseFit Apex Smartwatch,PulseFit,Sensors give comprehensive health metrics. Well worth the price.,4,2026-09-02
CMP-308,PulseFit Apex Smartwatch,PulseFit,Charger pins disconnect if you nudge the nightstand.,3,2026-09-09
CMP-309,Chronos Pro Watch,Chronos,"Ultra-fast processor, butter smooth UI and sapphire glass is scratch proof.",5,2026-08-02
CMP-310,Chronos Pro Watch,Chronos,Abysmal battery life. Requires charging twice on workout days.,1,2026-08-06
CMP-311,Chronos Pro Watch,Chronos,Stunning executive design. Looks amazing with formal office suits.,5,2026-08-11
CMP-312,Chronos Pro Watch,Chronos,Speaker for Bluetooth phone calls started buzzing and crackling.,2,2026-08-16
CMP-313,Chronos Pro Watch,Chronos,"Fast wireless charging gets it to 80% quickly, but drains fast.",3,2026-08-21
CMP-314,Chronos Pro Watch,Chronos,Rotating dial makes navigating menus pleasurable and precise.,5,2026-08-27
CMP-315,Chronos Pro Watch,Chronos,Too heavy and thick on the wrist. Uncomfortable to sleep with.,2,2026-09-03
CMP-316,Chronos Pro Watch,Chronos,Flawless notification sync and voice messaging capability.,4,2026-09-11
